ax_mean,ay_mean,az_mean,gx_mean,gy_mean,gz_mean,ax_var,ay_var,az_var,gx_var,gy_var,gz_var,shot_name
0.5413184761612801,0.3562313442277222,0.1263092690924731,0.004985627781412871,0.32480435921207707,0.6427309470799887,0.6940776435713649,0.3951827809499465,0.7084914901542515,0.5427972499777134,0.8483241677762002,0.011466898577623397,forehead smash
0.900732068961069,0.30338962833705485,0.8199210739014426,0.6482696802011657,0.1644220789984423,0.3841360722224957,0.6824694755329728,0.3979931664697113,0.07025061300217739,0.17896847137633898,0.8672253946596474,0.4892345140335387,forehead smash
0.2164328789012191,0.0065052863140914186,0.16904903832737894,0.7385584823762698,0.11631662192349534,0.10766944068870377,0.6316822356952372,0.014520731554799493,0.6954643801071335,0.515306138588299,0.0868767685596541,0.13286503769211078,forehead smash
0.9907847389603478,0.7809726112952626,0.33811765014114614,0.7392248121880988,0.9498628492464524,0.9967965712890549,0.13618995940742584,0.8983429931303685,0.44498046804580516,0.413868187870285,0.4716763946466518,0.34916463875260506,forehead smash
